https://atomex.me/custom/crypto-pairs/btc-to-eth;https://atomex.me/pairs/btc-eth;
https://atomex.me/custom/crypto-pairs/usdt-to-btc;https://atomex.me/pairs/usdt-btc;
https://atomex.me/custom/crypto-pairs/eth-to-btc;https://atomex.me/pairs/eth-btc;
https://atomex.me/custom/crypto-pairs/btc-to-xtz;https://atomex.me/pairs/btc-xtz;
https://atomex.me/custom/crypto-pairs/xtz-to-btc;https://atomex.me/pairs/xtz-btc;
https://atomex.me/custom/crypto-pairs/eth-to-xtz;https://atomex.me/pairs/eth-xtz;
https://atomex.me/custom/crypto-pairs/xtz-to-eth;https://atomex.me/pairs/xtz-eth;
https://atomex.me/custom/crypto-pairs/kusd-to-xtz;https://atomex.me/pairs/kusd-xtz;
https://atomex.me/custom/crypto-pairs/xtz-to-kusd;https://atomex.me/pairs/xtz-kusd;
https://atomex.me/custom/crypto-pairs/btc-to-usdt;https://atomex.me/pairs/btc-usdt;
https://atomex.me/custom/crypto-pairs/btc-to-ltc;https://atomex.me/pairs/btc-ltc;
https://atomex.me/custom/crypto-pairs/usdt-to-xtz;https://atomex.me/pairs/usdt-xtz;
https://atomex.me/custom/crypto-pairs/usdt-to-eth;https://atomex.me/pairs/usdt-eth;
https://atomex.me/custom/crypto-pairs/xtz-to-usdt;https://atomex.me/pairs/xtz-usdt;
https://atomex.me/custom/crypto-pairs/ltc-to-kusd;https://atomex.me/pairs/ltc-kusd;
https://atomex.me/custom/crypto-pairs/xtz-to-ltc;https://atomex.me/pairs/xtz-ltc;
https://atomex.me/custom/crypto-pairs/ltc-to-btc;https://atomex.me/pairs/ltc-btc;
https://atomex.me/custom/crypto-pairs/btc-to-wbtc;https://atomex.me/pairs/btc-wbtc;
https://atomex.me/custom/crypto-pairs/ltc-to-xtz;https://atomex.me/pairs/ltc-xtz;
https://atomex.me/custom/crypto-pairs/ltc-to-usdt;https://atomex.me/pairs/ltc-usdt;
https://atomex.me/custom/crypto-pairs/eth-to-usdt;https://atomex.me/pairs/eth-usdt;
https://atomex.me/custom/crypto-pairs/kusd-to-usdt;https://atomex.me/pairs/kusd-usdt;
https://atomex.me/custom/crypto-pairs/usdt-to-ltc;https://atomex.me/pairs/usdt-ltc;
https://atomex.me/custom/crypto-pairs/kusd-to-btc;https://atomex.me/pairs/kusd-btc;
https://atomex.me/custom/crypto-pairs/btc-to-kusd;https://atomex.me/pairs/btc-kusd;
https://atomex.me/custom/crypto-pairs/kusd-to-ltc;https://atomex.me/pairs/kusd-ltc;
https://atomex.me/custom/crypto-pairs/usdt-to-kusd;https://atomex.me/pairs/usdt-kusd;
https://atomex.me/custom/crypto-pairs/usdt-to-tbtc;https://atomex.me/pairs/usdt-tbtc;
https://atomex.me/custom/crypto-pairs/btc-to-tbtc;https://atomex.me/pairs/btc-tbtc;
https://atomex.me/custom/crypto-pairs/tbtc-to-eth;https://atomex.me/pairs/tbtc-eth;
https://atomex.me/custom/crypto-pairs/tbtc-to-xtz;https://atomex.me/pairs/tbtc-xtz;
https://atomex.me/custom/crypto-pairs/tbtc-to-usdt;https://atomex.me/pairs/tbtc-usdt;
https://atomex.me/custom/crypto-pairs/tbtc-to-btc;https://atomex.me/pairs/tbtc-btc;
https://atomex.me/custom/crypto-pairs/eth-to-tbtc;https://atomex.me/pairs/eth-tbtc;
https://atomex.me/custom/crypto-pairs/xtz-to-tbtc;https://atomex.me/pairs/xtz-tbtc;
https://atomex.me/custom/crypto-pairs/eth-to-kusd;https://atomex.me/pairs/eth-kusd;
https://atomex.me/custom/crypto-pairs/kusd-to-eth;https://atomex.me/pairs/kusd-eth;
https://atomex.me/custom/crypto-pairs/wbtc-to-btc;https://atomex.me/pairs/wbtc-btc;
https://atomex.me/custom/crypto-pairs/usdt-to-wbtc;https://atomex.me/pairs/usdt-wbtc;
https://atomex.me/custom/crypto-pairs/wbtc-to-eth;https://atomex.me/pairs/wbtc-eth;
https://atomex.me/custom/crypto-pairs/wbtc-to-xtz;https://atomex.me/pairs/wbtc-xtz;
https://atomex.me/custom/crypto-pairs/wbtc-to-usdt;https://atomex.me/pairs/wbtc-usdt;
https://atomex.me/custom/crypto-pairs/eth-to-wbtc;https://atomex.me/pairs/eth-wbtc;
https://atomex.me/custom/crypto-pairs/xtz-to-wbtc;https://atomex.me/pairs/xtz-wbtc;
https://atomex.me/custom/coins/btc;https://atomex.me/coins/btc;
https://atomex.me/custom/coins/eth;https://atomex.me/coins/eth;
https://atomex.me/custom/coins/usdt;https://atomex.me/coins/usdt;
https://atomex.me/custom/coins/wbtc;https://atomex.me/coins/wbtc;
https://atomex.me/custom/coins/ltc;https://atomex.me/coins/ltc;
https://atomex.me/custom/coins/xtz;https://atomex.me/coins/xtz;
https://atomex.me/custom/coins/kusd;https://atomex.me/coins/kusd;
https://atomex.me/custom/coins/tbtc;https://atomex.me/coins/tbtc;